{
  "project_info": {
    "project_number": "820285208085",
    "firebase_url": "https://bobnu-47135.firebaseio.com",
    "project_id": "bobnu-47135",
    "storage_bucket": "bobnu-47135.appspot.com"
  },
  "client": [
    {
      "client_info": {
        "mobilesdk_app_id": "1:820285208085:android:d9409dda6769f2ef",
        "android_client_info": {
          "package_name": "com.example.bnu_ver03"
        }
      },
      "oauth_client": [
        {
          "client_id": "820285208085-7v20getnc2b1832ta1chli8hla5mkalu.apps.googleusercontent.com",
          "client_type": 3
        }
      ],
      "api_key": [
        {
          "current_key": "AIzaSyCXyUgUdbvi6oGum383rDM_jhjxGsxjhH0"
        }
      ],
      "services": {
        "appinvite_service": {
          "other_platform_oauth_client": [
            {
              "client_id": "820285208085-7v20getnc2b1832ta1chli8hla5mkalu.apps.googleusercontent.com",
              "client_type": 3
            }
          ]
        }
      }
    },
    {
      "client_info": {
        "mobilesdk_app_id": "1:820285208085:android:a5fd2b30cf8f0b1d",
        "android_client_info": {
          "package_name": "com.example.bobnu_admin"
        }
      },
      "oauth_client": [
        {
          "client_id": "820285208085-tglti62n9j40jgv68gdnt1lt7o8cu125.apps.googleusercontent.com",
          "client_type": 1,
          "android_info": {
            "package_name": "com.example.bobnu_admin",
            "certificate_hash": "51889c55662fe9c434416bfd0057d6f0babbec07"
          }
        },
        {
          "client_id": "820285208085-7v20getnc2b1832ta1chli8hla5mkalu.apps.googleusercontent.com",
          "client_type": 3
        }
      ],
      "api_key": [
        {
          "current_key": "AIzaSyCXyUgUdbvi6oGum383rDM_jhjxGsxjhH0"
        }
      ],
      "services": {
        "appinvite_service": {
          "other_platform_oauth_client": [
            {
              "client_id": "820285208085-7v20getnc2b1832ta1chli8hla5mkalu.apps.googleusercontent.com",
              "client_type": 3
            }
          ]
        }
      }
    },
    {
      "client_info": {
        "mobilesdk_app_id": "1:820285208085:android:1dc4862baba11fc8",
        "android_client_info": {
          "package_name": "com.example.cube"
        }
      },
      "oauth_client": [
        {
          "client_id": "820285208085-7v20getnc2b1832ta1chli8hla5mkalu.apps.googleusercontent.com",
          "client_type": 3
        }
      ],
      "api_key": [
        {
          "current_key": "AIzaSyCXyUgUdbvi6oGum383rDM_jhjxGsxjhH0"
        }
      ],
      "services": {
        "appinvite_service": {
          "other_platform_oauth_client": [
            {
              "client_id": "820285208085-7v20getnc2b1832ta1chli8hla5mkalu.apps.googleusercontent.com",
              "client_type": 3
            }
          ]
        }
      }
    },
    {
      "client_info": {
        "mobilesdk_app_id": "1:820285208085:android:7738fe742be9f442",
        "android_client_info": {
          "package_name": "com.example.login"
        }
      },
      "oauth_client": [
        {
          "client_id": "820285208085-qro205lbohjf1u7u5vm3faqp1pbb9arq.apps.googleusercontent.com",
          "client_type": 1,
          "android_info": {
            "package_name": "com.example.login",
            "certificate_hash": "51889c55662fe9c434416bfd0057d6f0babbec07"
          }
        },
        {
          "client_id": "820285208085-7v20getnc2b1832ta1chli8hla5mkalu.apps.googleusercontent.com",
          "client_type": 3
        }
      ],
      "api_key": [
        {
          "current_key": "AIzaSyCXyUgUdbvi6oGum383rDM_jhjxGsxjhH0"
        }
      ],
      "services": {
        "appinvite_service": {
          "other_platform_oauth_client": [
            {
              "client_id": "820285208085-7v20getnc2b1832ta1chli8hla5mkalu.apps.googleusercontent.com",
              "client_type": 3
            }
          ]
        }
      }
    }
  ],
  "configuration_version": "1"
}